<?xml version="1.0" encoding="UTF-8"?>
<beans xmlns="http://www.springframework.org/schema/beans"
	xmlns:xsi="http://www.w3.org/2001/XMLSchema-instance" xmlns:context="http://www.springframework.org/schema/context"
	xmlns:aop="http://www.springframework.org/schema/aop" xmlns:tx="http://www.springframework.org/schema/tx"
	xmlns:beans="http://www.springframework.org/schema/beans"
	xmlns:ehcache="http://ehcache-spring-annotations.googlecode.com/svn/schema/ehcache-spring"
	xsi:schemaLocation="http://www.springframework.org/schema/beans http://www.springframework.org/schema/beans/spring-beans-3.0.xsd
	http://www.springframework.org/schema/util http://www.springframework.org/schema/util/spring-util-3.0.xsd
	http://www.springframework.org/schema/aop http://www.springframework.org/schema/aop/spring-aop-3.0.xsd
	http://www.springframework.org/schema/tx http://www.springframework.org/schema/tx/spring-tx-3.0.xsd
	http://ehcache-spring-annotations.googlecode.com/svn/schema/ehcache-spring
	http://ehcache-spring-annotations.googlecode.com/svn/schema/ehcache-spring/ehcache-spring-1.1.xsd
	http://www.springframework.org/schema/context
	http://www.springframework.org/schema/context/spring-context-3.0.xsd">
	<!-- <context:annotation-config /> -->
	  <import resource="context-common.xml"/>	
	  <bean id="validationService" class="com.vtl.msg.servicesImpl.ValidationService" scope="prototype" />
	  
	  <bean id="validationResponse" class="com.vtl.msg.beans.ValidationResponse"	scope="prototype" />
	 <bean name="msgUtility" class="com.vtl.msg.util.MSGUtility"/>
	 
	 <bean id="umfMessaging" class="com.vtl.msg.util.UMFMessaging">
		<property name="umfConfig" ref = "umfConfig"/>
	</bean>	
	
	  <bean name="imsg" class="com.vtl.msg.servicesImpl.MSGImpl" init-method="init">
	  <property name="umfCliName" value="${UMF_CREDENTIALS_CLI_NAME}" />
		<property name="umfCliNameList">
		<list />
		</property>
		<property name="umfUserName" value="${UMF_CREDENTIALS_USER_NAME}" />
		<property name="umfUserNameList">
			<list />
		</property>
		<property name="umfPassword" value="${UMF_CREDENTIALS_PASSWORD}" />
		<property name="umfPasswordList">
			<list />
		</property>	
		
		<property name="tansLowId" value="${LOW_TRANSID}" />
		<property name="transHighId" value="${HIGH_TRANSID}" />		
			
	</bean>
    
    
</beans>
		 