<?xml version="1.0" encoding= "UTF-8" ?>

<!DOCTYPE log4j:configuration PUBLIC
  "-//APACHE//DTD LOG4J 1.2//EN" "http://logging.apache.org/log4j/1.2/apidocs/org/apache/log4j/xml/doc-files/log4j.dtd">

<log4j:configuration xmlns:log4j="http://jakarta.apache.org/log4j/">
	<appender name="stdout" class="org.apache.log4j.ConsoleAppender">
		<layout class="org.apache.log4j.PatternLayout">
			<param name="ConversionPattern" value="%d %p [%c] - &lt;%m&gt;%n" />
		</layout>
	</appender>
	<appender name="logfile" class="org.apache.log4j.DailyRollingFileAppender">
		<param name="File" value="/home/connectuser/MessageInvoker/logs/msgService.log" />
		<param name="DatePattern" value=".yyyy-MM-dd" />
    	<layout class="org.apache.log4j.PatternLayout">
			<param name="ConversionPattern" value="%d %p [%c] - %m%n" />
		</layout>
		<filter class="org.apache.log4j.varia.LevelRangeFilter">
	     	<param name="LevelMin" value="DEBUG"/>
	     	<param name="LevelMax" value="ERROR"/>
	    </filter>		
	</appender>
	
	<root>
		<priority value="info" />
		<appender-ref ref="logfile" />
	</root>
</log4j:configuration>